{
    "Objects": [
        {
            "name": "Land_Container_1Moh",
            "pos": [
                3710.142333984375,
                403.3533020019531,
                5989.9130859375
            ],
            "ypr": [
                -133.67657470703126,
                0.0,
                -0.0
            ]
        },
        {
            "name": "PB_TrashCanRecicle_Green",
            "pos": [
                3712.502197265625,
                402.002685546875,
                5993.59375
            ],
            "ypr": [
                0.0,
                -0.0,
                -0.0
            ]
        },
        {
            "name": "PB_TrashCanRecicle_Green",
            "pos": [
                8352.177734, 
                292.003754, 
                5983.993164
            ],
            "ypr": [
                0.0,
                -0.0,
                -0.0
            ]
        },
        {
            "name": "PB_TrashCanRecicle_Green",
            "pos": [
                3709.107422, 
                402.012421,
                5978.557129
            ],
            "ypr": [
                0.0,
                -0.0,
                -0.0
            ]
        }
    ]
}